0.0079789,LineType,CameraTX,CameraTY,CameraTZ,CameraRX,CameraRY,CameraRZ,LeftTX,LeftTY,LeftTZ,LeftRX,LeftRY,LeftRZ,RightTX,RightTY,RightTZ,RightRX,RightRY,RightRZ,
0.0089754,Head,1.29,1.79,-10,0,0,0,1.29,1.79,-10,0,0,0,1.29,1.79,-10,0,0,0
0.0119637,Head,1.29,1.79,-10,0,0,0,1.29,1.79,-10,0,0,0,1.29,1.79,-10,0,0,0
0.0119637,Head,1.29,1.79,-10,0,0,0,1.29,1.79,-10,0,0,0,1.29,1.79,-10,0,0,0
0.0215629,Head,1.29,1.79,-10,0,0,0,1.29,1.79,-10,0,0,0,1.29,1.79,-10,0,0,0
0.0285168,Head,1.29,1.79,-10,0,0,0,1.29,1.79,-10,0,0,0,1.29,1.79,-10,0,0,0
0.0370762,Head,1.29,1.79,-10,0,0,0,1.29,1.79,-10,0,0,0,1.29,1.79,-10,0,0,0
0.0446177,Head,1.29,1.79,-10,0,0,0,1.29,1.79,-10,0,0,0,1.29,1.79,-10,0,0,0
0.0531384,Head,1.29,1.79,-10,0,0,0,1.29,1.79,-10,0,0,0,1.29,1.79,-10,0,0,0
0.0621155,Head,1.29,1.79,-10,0,0,0,1.29,1.79,-10,0,0,0,1.29,1.79,-10,0,0,0
0.0700936,Head,1.29,1.79,-10,0,0,0,1.29,1.79,-10,0,0,0,1.29,1.79,-10,0,0,0
0.078643,Head,1.29,1.79,-10,0,0,0,1.29,1.79,-10,0,0,0,1.29,1.79,-10,0,0,0
0.0881787,Head,1.29,1.79,-10,0,0,0,1.29,1.79,-10,0,0,0,1.29,1.79,-10,0,0,0
0.0951606,Head,1.29,1.79,-10,0,0,0,1.29,1.79,-10,0,0,0,1.29,1.79,-10,0,0,0
0.1029931,Head,1.29,1.79,-10,0,0,0,1.29,1.79,-10,0,0,0,1.29,1.79,-10,0,0,0
0.1109715,Head,1.29,1.79,-10,0,0,0,1.29,1.79,-10,0,0,0,1.29,1.79,-10,0,0,0
0.1216593,Head,1.29,1.79,-10,0,0,0,1.29,1.79,-10,0,0,0,1.29,1.79,-10,0,0,0
0.1296306,Head,1.29,1.79,-10,0,0,0,1.29,1.79,-10,0,0,0,1.29,1.79,-10,0,0,0
0.13761,Head,1.29,1.79,-10,0,0,0,1.29,1.79,-10,0,0,0,1.29,1.79,-10,0,0,0
0.1477245,Head,1.29,1.79,-10,0,0,0,1.29,1.79,-10,0,0,0,1.29,1.79,-10,0,0,0
0.1534228,Head,1.29,1.79,-10,0,0,0,1.29,1.79,-10,0,0,0,1.29,1.79,-10,0,0,0
0.1632462,Head,1.29,1.79,-10,0,0,0,1.29,1.79,-10,0,0,0,1.29,1.79,-10,0,0,0
0.1712243,Head,1.29,1.79,-10,0,0,0,1.29,1.79,-10,0,0,0,1.29,1.79,-10,0,0,0
0.178207,Head,1.29,1.79,-10,0,0,0,1.29,1.79,-10,0,0,0,1.29,1.79,-10,0,0,0
0.1871827,Head,1.29,1.79,-10,0,0,0,1.29,1.79,-10,0,0,0,1.29,1.79,-10,0,0,0
0.1951603,Head,1.29,1.79,-10,0,0,0,1.29,1.79,-10,0,0,0,1.29,1.79,-10,0,0,0
0.2031142,Head,1.29,1.79,-10,0,0,0,1.29,1.79,-10,0,0,0,1.29,1.79,-10,0,0,0
0.2120557,Head,1.29,1.79,-10,0,0,0,1.29,1.79,-10,0,0,0,1.29,1.79,-10,0,0,0
0.2200335,Head,1.29,1.79,-10,0,0,0,1.29,1.79,-10,0,0,0,1.29,1.79,-10,0,0,0
0.2285696,Head,1.29,1.79,-10,0,0,0,1.29,1.79,-10,0,0,0,1.29,1.79,-10,0,0,0
0.2399605,Head,1.29,1.79,-10,0,0,0,1.29,1.79,-10,0,0,0,1.29,1.79,-10,0,0,0
0.2459423,Head,1.29,1.79,-10,0,0,0,1.29,1.79,-10,0,0,0,1.29,1.79,-10,0,0,0
0.2534545,Head,1.29,1.79,-10,0,0,0,1.29,1.79,-10,0,0,0,1.29,1.79,-10,0,0,0
0.2638233,Head,1.29,1.79,-10,0,0,0,1.29,1.79,-10,0,0,0,1.29,1.79,-10,0,0,0
0.269808,Head,1.29,1.79,-10,0,0,0,1.29,1.79,-10,0,0,0,1.29,1.79,-10,0,0,0
0.279316,Head,1.29,1.79,-10,0,0,0,1.29,1.79,-10,0,0,0,1.29,1.79,-10,0,0,0
0.2862427,Head,1.29,1.79,-10,0,0,0,1.29,1.79,-10,0,0,0,1.29,1.79,-10,0,0,0
0.2960443,Head,1.29,1.79,-10,0,0,0,1.29,1.79,-10,0,0,0,1.29,1.79,-10,0,0,0
0.3034502,Head,1.29,1.79,-10,0,0,0,1.29,1.79,-10,0,0,0,1.29,1.79,-10,0,0,0
0.3113369,Head,1.29,1.79,-10,0,0,0,1.29,1.79,-10,0,0,0,1.29,1.79,-10,0,0,0
0.3201719,Head,1.29,1.79,-10,0,0,0,1.29,1.79,-10,0,0,0,1.29,1.79,-10,0,0,0
0.3291477,Head,1.29,1.79,-10,0,0,0,1.29,1.79,-10,0,0,0,1.29,1.79,-10,0,0,0
0.3376104,Head,1.29,1.79,-10,0,0,0,1.29,1.79,-10,0,0,0,1.29,1.79,-10,0,0,0
0.3451009,Head,1.29,1.79,-10,0,0,0,1.29,1.79,-10,0,0,0,1.29,1.79,-10,0,0,0
0.3530796,Head,1.29,1.79,-10,0,0,0,1.29,1.79,-10,0,0,0,1.29,1.79,-10,0,0,0
0.3625195,Head,1.29,1.79,-10,0,0,0,1.29,1.79,-10,0,0,0,1.29,1.79,-10,0,0,0
0.370494,Head,1.29,1.79,-10,0,0,0,1.29,1.79,-10,0,0,0,1.29,1.79,-10,0,0,0
0.3789709,Head,1.29,1.79,-10,0,0,0,1.29,1.79,-10,0,0,0,1.29,1.79,-10,0,0,0
0.3869499,Head,1.29,1.79,-10,0,0,0,1.29,1.79,-10,0,0,0,1.29,1.79,-10,0,0,0
0.3946705,Head,1.29,1.79,-10,0,0,0,1.29,1.79,-10,0,0,0,1.29,1.79,-10,0,0,0
0.4042463,Head,1.29,1.79,-10,0,0,0,1.29,1.79,-10,0,0,0,1.29,1.79,-10,0,0,0
0.4122243,Head,1.29,1.79,-10,0,0,0,1.29,1.79,-10,0,0,0,1.29,1.79,-10,0,0,0
0.4211997,Head,1.29,1.79,-10,0,0,0,1.29,1.79,-10,0,0,0,1.29,1.79,-10,0,0,0
0.4290894,Head,1.29,1.79,-10,0,0,0,1.29,1.79,-10,0,0,0,1.29,1.79,-10,0,0,0
0.4379587,Head,1.29,1.79,-10,0,0,0,1.29,1.79,-10,0,0,0,1.29,1.79,-10,0,0,0
0.4456214,Head,1.29,1.79,-10,0,0,0,1.29,1.79,-10,0,0,0,1.29,1.79,-10,0,0,0
0.453385,Head,1.29,1.79,-10,0,0,0,1.29,1.79,-10,0,0,0,1.29,1.79,-10,0,0,0
0.4624209,Head,1.29,1.79,-10,0,0,0,1.29,1.79,-10,0,0,0,1.29,1.79,-10,0,0,0
0.4710028,Head,1.29,1.79,-10,0,0,0,1.29,1.79,-10,0,0,0,1.29,1.79,-10,0,0,0
0.4789706,Head,1.29,1.79,-10,0,0,0,1.29,1.79,-10,0,0,0,1.29,1.79,-10,0,0,0
0.4865299,Head,1.29,1.79,-10,0,0,0,1.29,1.79,-10,0,0,0,1.29,1.79,-10,0,0,0
0.4959601,Head,1.29,1.79,-10,0,0,0,1.29,1.79,-10,0,0,0,1.29,1.79,-10,0,0,0
0.5029415,Head,1.29,1.79,-10,0,0,0,1.29,1.79,-10,0,0,0,1.29,1.79,-10,0,0,0
0.5125097,Head,1.29,1.79,-10,0,0,0,1.29,1.79,-10,0,0,0,1.29,1.79,-10,0,0,0
0.5210298,Head,1.29,1.79,-10,0,0,0,1.29,1.79,-10,0,0,0,1.29,1.79,-10,0,0,0
0.5290053,Head,1.29,1.79,-10,0,0,0,1.29,1.79,-10,0,0,0,1.29,1.79,-10,0,0,0
0.5359868,Head,1.29,1.79,-10,0,0,0,1.29,1.79,-10,0,0,0,1.29,1.79,-10,0,0,0
0.5448306,Head,1.29,1.79,-10,0,0,0,1.29,1.79,-10,0,0,0,1.29,1.79,-10,0,0,0
0.5542255,Head,1.29,1.79,-10,0,0,0,1.29,1.79,-10,0,0,0,1.29,1.79,-10,0,0,0
0.5622045,Head,1.29,1.79,-10,0,0,0,1.29,1.79,-10,0,0,0,1.29,1.79,-10,0,0,0
0.5701839,Head,1.29,1.79,-10,0,0,0,1.29,1.79,-10,0,0,0,1.29,1.79,-10,0,0,0
0.5780753,Head,1.29,1.79,-10,0,0,0,1.29,1.79,-10,0,0,0,1.29,1.79,-10,0,0,0
0.5880285,Head,1.29,1.79,-10,0,0,0,1.29,1.79,-10,0,0,0,1.29,1.79,-10,0,0,0
0.5960061,Head,1.29,1.79,-10,0,0,0,1.29,1.79,-10,0,0,0,1.29,1.79,-10,0,0,0
0.6037351,Head,1.29,1.79,-10,0,0,0,1.29,1.79,-10,0,0,0,1.29,1.79,-10,0,0,0
0.6112339,Head,1.29,1.79,-10,0,0,0,1.29,1.79,-10,0,0,0,1.29,1.79,-10,0,0,0
0.6202055,Head,1.29,1.79,-10,0,0,0,1.29,1.79,-10,0,0,0,1.29,1.79,-10,0,0,0
0.6280722,Head,1.29,1.79,-10,0,0,0,1.29,1.79,-10,0,0,0,1.29,1.79,-10,0,0,0
0.6379304,Head,1.29,1.79,-10,0,0,0,1.29,1.79,-10,0,0,0,1.29,1.79,-10,0,0,0
0.6455358,Head,1.29,1.79,-10,0,0,0,1.29,1.79,-10,0,0,0,1.29,1.79,-10,0,0,0
0.6544499,Head,1.29,1.79,-10,0,0,0,1.29,1.79,-10,0,0,0,1.29,1.79,-10,0,0,0
0.661431,Head,1.29,1.79,-10,0,0,0,1.29,1.79,-10,0,0,0,1.29,1.79,-10,0,0,0
0.6703156,Head,1.29,1.79,-10,0,0,0,1.29,1.79,-10,0,0,0,1.29,1.79,-10,0,0,0
0.6782954,Head,1.29,1.79,-10,0,0,0,1.29,1.79,-10,0,0,0,1.29,1.79,-10,0,0,0
0.6871246,Head,1.29,1.79,-10,0,0,0,1.29,1.79,-10,0,0,0,1.29,1.79,-10,0,0,0
0.6960377,Head,1.29,1.79,-10,0,0,0,1.29,1.79,-10,0,0,0,1.29,1.79,-10,0,0,0
0.7040172,Head,1.29,1.79,-10,0,0,0,1.29,1.79,-10,0,0,0,1.29,1.79,-10,0,0,0
0.7115725,Head,1.29,1.79,-10,0,0,0,1.29,1.79,-10,0,0,0,1.29,1.79,-10,0,0,0
0.7194377,Head,1.29,1.79,-10,0,0,0,1.29,1.79,-10,0,0,0,1.29,1.79,-10,0,0,0
0.7284138,Head,1.29,1.79,-10,0,0,0,1.29,1.79,-10,0,0,0,1.29,1.79,-10,0,0,0
0.7363922,Head,1.29,1.79,-10,0,0,0,1.29,1.79,-10,0,0,0,1.29,1.79,-10,0,0,0
0.7442542,Head,1.29,1.79,-10,0,0,0,1.29,1.79,-10,0,0,0,1.29,1.79,-10,0,0,0
0.7532304,Head,1.29,1.79,-10,0,0,0,1.29,1.79,-10,0,0,0,1.29,1.79,-10,0,0,0
0.7620633,Head,1.29,1.79,-10,0,0,0,1.29,1.79,-10,0,0,0,1.29,1.79,-10,0,0,0
0.7709976,Head,1.29,1.79,-10,0,0,0,1.29,1.79,-10,0,0,0,1.29,1.79,-10,0,0,0
0.7794311,Head,1.29,1.79,-10,0,0,0,1.29,1.79,-10,0,0,0,1.29,1.79,-10,0,0,0
0.7863281,Head,1.29,1.79,-10,0,0,0,1.29,1.79,-10,0,0,0,1.29,1.79,-10,0,0,0
0.7953038,Head,1.29,1.79,-10,0,0,0,1.29,1.79,-10,0,0,0,1.29,1.79,-10,0,0,0
0.8031737,Head,1.29,1.79,-10,0,0,0,1.29,1.79,-10,0,0,0,1.29,1.79,-10,0,0,0
0.8120385,Head,1.29,1.79,-10,0,0,0,1.29,1.79,-10,0,0,0,1.29,1.79,-10,0,0,0
0.8200147,Head,1.29,1.79,-10,0,0,0,1.29,1.79,-10,0,0,0,1.29,1.79,-10,0,0,0
0.8289905,Head,1.29,1.79,-10,0,0,0,1.29,1.79,-10,0,0,0,1.29,1.79,-10,0,0,0
0.8374967,Head,1.29,1.79,-10,0,0,0,1.29,1.79,-10,0,0,0,1.29,1.79,-10,0,0,0
0.8461601,Head,1.29,1.79,-10,0,0,0,1.29,1.79,-10,0,0,0,1.29,1.79,-10,0,0,0
0.8541382,Head,1.29,1.79,-10,0,0,0,1.29,1.79,-10,0,0,0,1.29,1.79,-10,0,0,0
0.8616677,Head,1.29,1.79,-10,0,0,0,1.29,1.79,-10,0,0,0,1.29,1.79,-10,0,0,0
0.8706378,Head,1.29,1.79,-10,0,0,0,1.29,1.79,-10,0,0,0,1.29,1.79,-10,0,0,0
0.8804395,Head,1.29,1.79,-10,0,0,0,1.29,1.79,-10,0,0,0,1.29,1.79,-10,0,0,0
0.8870085,Head,1.29,1.79,-10,0,0,0,1.29,1.79,-10,0,0,0,1.29,1.79,-10,0,0,0
0.8954499,Head,1.29,1.79,-10,0,0,0,1.29,1.79,-10,0,0,0,1.29,1.79,-10,0,0,0
0.9035639,Head,1.29,1.79,-10,0,0,0,1.29,1.79,-10,0,0,0,1.29,1.79,-10,0,0,0
0.912105,Head,1.29,1.79,-10,0,0,0,1.29,1.79,-10,0,0,0,1.29,1.79,-10,0,0,0
0.9200841,Head,1.29,1.79,-10,0,0,0,1.29,1.79,-10,0,0,0,1.29,1.79,-10,0,0,0
0.9290596,Head,1.29,1.79,-10,0,0,0,1.29,1.79,-10,0,0,0,1.29,1.79,-10,0,0,0
0.9370381,Head,1.29,1.79,-10,0,0,0,1.29,1.79,-10,0,0,0,1.29,1.79,-10,0,0,0
0.9454453,Head,1.29,1.79,-10,0,0,0,1.29,1.79,-10,0,0,0,1.29,1.79,-10,0,0,0
0.9539686,Head,1.29,1.79,-10,0,0,0,1.29,1.79,-10,0,0,0,1.29,1.79,-10,0,0,0
0.9629447,Head,1.29,1.79,-10,0,0,0,1.29,1.79,-10,0,0,0,1.29,1.79,-10,0,0,0
0.9709224,Head,1.29,1.79,-10,0,0,0,1.29,1.79,-10,0,0,0,1.29,1.79,-10,0,0,0
0.9785032,Head,1.29,1.79,-10,0,0,0,1.29,1.79,-10,0,0,0,1.29,1.79,-10,0,0,0
0.9882191,Head,1.29,1.79,-10,0,0,0,1.29,1.79,-10,0,0,0,1.29,1.79,-10,0,0,0
0.999224,Head,1.29,1.79,-10,0,0,0,1.29,1.79,-10,0,0,0,1.29,1.79,-10,0,0,0
1.0032629,Head,1.29,1.79,-10,0,0,0,1.29,1.79,-10,0,0,0,1.29,1.79,-10,0,0,0
1.0120077,Head,1.29,1.79,-10,0,0,0,1.29,1.79,-10,0,0,0,1.29,1.79,-10,0,0,0
1.0201442,Head,1.29,1.79,-10,0,0,0,1.29,1.79,-10,0,0,0,1.29,1.79,-10,0,0,0
1.0291194,Head,1.29,1.79,-10,0,0,0,1.29,1.79,-10,0,0,0,1.29,1.79,-10,0,0,0
1.0386569,Head,1.29,1.79,-10,0,0,0,1.29,1.79,-10,0,0,0,1.29,1.79,-10,0,0,0
1.045638,Head,1.29,1.79,-10,0,0,0,1.29,1.79,-10,0,0,0,1.29,1.79,-10,0,0,0
1.0541506,Head,1.29,1.79,-10,0,0,0,1.29,1.79,-10,0,0,0,1.29,1.79,-10,0,0,0
1.0617344,Head,1.29,1.79,-10,0,0,0,1.29,1.79,-10,0,0,0,1.29,1.79,-10,0,0,0
1.0697079,Head,1.29,1.79,-10,0,0,0,1.29,1.79,-10,0,0,0,1.29,1.79,-10,0,0,0
1.079291,Head,1.29,1.79,-10,0,0,0,1.29,1.79,-10,0,0,0,1.29,1.79,-10,0,0,0
1.0862426,Head,1.29,1.79,-10,0,0,0,1.29,1.79,-10,0,0,0,1.29,1.79,-10,0,0,0
1.0960612,Head,1.29,1.79,-10,0,0,0,1.29,1.79,-10,0,0,0,1.29,1.79,-10,0,0,0
1.1039688,Head,1.29,1.79,-10,0,0,0,1.29,1.79,-10,0,0,0,1.29,1.79,-10,0,0,0
1.1124718,Head,1.29,1.79,-10,0,0,0,1.29,1.79,-10,0,0,0,1.29,1.79,-10,0,0,0
1.1204502,Head,1.29,1.79,-10,0,0,0,1.29,1.79,-10,0,0,0,1.29,1.79,-10,0,0,0
1.1284289,Head,1.29,1.79,-10,0,0,0,1.29,1.79,-10,0,0,0,1.29,1.79,-10,0,0,0
1.1370217,Head,1.29,1.79,-10,0,0,0,1.29,1.79,-10,0,0,0,1.29,1.79,-10,0,0,0
1.1450004,Head,1.29,1.79,-10,0,0,0,1.29,1.79,-10,0,0,0,1.29,1.79,-10,0,0,0
1.1534509,Head,1.29,1.79,-10,0,0,0,1.29,1.79,-10,0,0,0,1.29,1.79,-10,0,0,0
1.162402,Head,1.29,1.79,-10,0,0,0,1.29,1.79,-10,0,0,0,1.29,1.79,-10,0,0,0
1.1723712,Head,1.29,1.79,-10,0,0,0,1.29,1.79,-10,0,0,0,1.29,1.79,-10,0,0,0
1.1783551,Head,1.29,1.79,-10,0,0,0,1.29,1.79,-10,0,0,0,1.29,1.79,-10,0,0,0
1.1872317,Head,1.29,1.79,-10,0,0,0,1.29,1.79,-10,0,0,0,1.29,1.79,-10,0,0,0
1.1949678,Head,1.29,1.79,-10,0,0,0,1.29,1.79,-10,0,0,0,1.29,1.79,-10,0,0,0
1.2035965,Head,1.29,1.79,-10,0,0,0,1.29,1.79,-10,0,0,0,1.29,1.79,-10,0,0,0
1.2120995,Head,1.29,1.79,-10,0,0,0,1.29,1.79,-10,0,0,0,1.29,1.79,-10,0,0,0
1.2200739,Head,1.29,1.79,-10,0,0,0,1.29,1.79,-10,0,0,0,1.29,1.79,-10,0,0,0
1.2280526,Head,1.29,1.79,-10,0,0,0,1.29,1.79,-10,0,0,0,1.29,1.79,-10,0,0,0
1.2380267,Head,1.29,1.79,-10,0,0,0,1.29,1.79,-10,0,0,0,1.29,1.79,-10,0,0,0
1.2445072,Head,1.29,1.79,-10,0,0,0,1.29,1.79,-10,0,0,0,1.29,1.79,-10,0,0,0
1.2530507,Head,1.29,1.79,-10,0,0,0,1.29,1.79,-10,0,0,0,1.29,1.79,-10,0,0,0
1.2618672,Head,1.29,1.79,-10,0,0,0,1.29,1.79,-10,0,0,0,1.29,1.79,-10,0,0,0
1.2707113,Head,1.29,1.79,-10,0,0,0,1.29,1.79,-10,0,0,0,1.29,1.79,-10,0,0,0
1.2794269,Head,1.29,1.79,-10,0,0,0,1.29,1.79,-10,0,0,0,1.29,1.79,-10,0,0,0
1.2873031,Head,1.29,1.79,-10,0,0,0,1.29,1.79,-10,0,0,0,1.29,1.79,-10,0,0,0
1.2952818,Head,1.29,1.79,-10,0,0,0,1.29,1.79,-10,0,0,0,1.29,1.79,-10,0,0,0
1.3041812,Head,1.29,1.79,-10,0,0,0,1.29,1.79,-10,0,0,0,1.29,1.79,-10,0,0,0
1.3121576,Head,1.29,1.79,-10,0,0,0,1.29,1.79,-10,0,0,0,1.29,1.79,-10,0,0,0
1.3201371,Head,1.29,1.79,-10,0,0,0,1.29,1.79,-10,0,0,0,1.29,1.79,-10,0,0,0
1.3289633,Head,1.29,1.79,-10,0,0,0,1.29,1.79,-10,0,0,0,1.29,1.79,-10,0,0,0
1.3365966,Head,1.29,1.79,-10,0,0,0,1.29,1.79,-10,0,0,0,1.29,1.79,-10,0,0,0
1.3452019,Head,1.29,1.79,-10,0,0,0,1.29,1.79,-10,0,0,0,1.29,1.79,-10,0,0,0
1.3541413,Head,1.29,1.79,-10,0,0,0,1.29,1.79,-10,0,0,0,1.29,1.79,-10,0,0,0
1.3621191,Head,1.29,1.79,-10,0,0,0,1.29,1.79,-10,0,0,0,1.29,1.79,-10,0,0,0
1.3700978,Head,1.29,1.79,-10,0,0,0,1.29,1.79,-10,0,0,0,1.29,1.79,-10,0,0,0
1.379074,Head,1.29,1.79,-10,0,0,0,1.29,1.79,-10,0,0,0,1.29,1.79,-10,0,0,0
1.3865661,Head,1.29,1.79,-10,0,0,0,1.29,1.79,-10,0,0,0,1.29,1.79,-10,0,0,0
1.3952105,Head,1.29,1.79,-10,0,0,0,1.29,1.79,-10,0,0,0,1.29,1.79,-10,0,0,0
1.4041859,Head,1.29,1.79,-10,0,0,0,1.29,1.79,-10,0,0,0,1.29,1.79,-10,0,0,0
1.4111674,Head,1.29,1.79,-10,0,0,0,1.29,1.79,-10,0,0,0,1.29,1.79,-10,0,0,0
1.4199898,Head,1.29,1.79,-10,0,0,0,1.29,1.79,-10,0,0,0,1.29,1.79,-10,0,0,0
1.4288258,Head,1.29,1.79,-10,0,0,0,1.29,1.79,-10,0,0,0,1.29,1.79,-10,0,0,0
1.4376606,Head,1.29,1.79,-10,0,0,0,1.29,1.79,-10,0,0,0,1.29,1.79,-10,0,0,0
1.445053,Head,1.29,1.79,-10,0,0,0,1.29,1.79,-10,0,0,0,1.29,1.79,-10,0,0,0
1.4539697,Head,1.29,1.79,-10,0,0,0,1.29,1.79,-10,0,0,0,1.29,1.79,-10,0,0,0
1.4625689,Head,1.29,1.79,-10,0,0,0,1.29,1.79,-10,0,0,0,1.29,1.79,-10,0,0,0
1.4711561,Head,1.29,1.79,-10,0,0,0,1.29,1.79,-10,0,0,0,1.29,1.79,-10,0,0,0
1.4780185,Head,1.29,1.79,-10,0,0,0,1.29,1.79,-10,0,0,0,1.29,1.79,-10,0,0,0
1.4869776,Head,1.29,1.79,-10,0,0,0,1.29,1.79,-10,0,0,0,1.29,1.79,-10,0,0,0
1.4959536,Head,1.29,1.79,-10,0,0,0,1.29,1.79,-10,0,0,0,1.29,1.79,-10,0,0,0
1.5035098,Head,1.29,1.79,-10,0,0,0,1.29,1.79,-10,0,0,0,1.29,1.79,-10,0,0,0
1.511507,Head,1.29,1.79,-10,0,0,0,1.29,1.79,-10,0,0,0,1.29,1.79,-10,0,0,0
1.5194355,Head,1.29,1.79,-10,0,0,0,1.29,1.79,-10,0,0,0,1.29,1.79,-10,0,0,0
1.5284107,Head,1.29,1.79,-10,0,0,0,1.29,1.79,-10,0,0,0,1.29,1.79,-10,0,0,0
1.5372519,Head,1.29,1.79,-10,0,0,0,1.29,1.79,-10,0,0,0,1.29,1.79,-10,0,0,0
1.546119,Head,1.29,1.79,-10,0,0,0,1.29,1.79,-10,0,0,0,1.29,1.79,-10,0,0,0
1.5540976,Head,1.29,1.79,-10,0,0,0,1.29,1.79,-10,0,0,0,1.29,1.79,-10,0,0,0
1.5618511,Head,1.29,1.79,-10,0,0,0,1.29,1.79,-10,0,0,0,1.29,1.79,-10,0,0,0
1.5697639,Head,1.29,1.79,-10,0,0,0,1.29,1.79,-10,0,0,0,1.29,1.79,-10,0,0,0
1.5786562,Head,1.29,1.79,-10,0,0,0,1.29,1.79,-10,0,0,0,1.29,1.79,-10,0,0,0
1.5877641,Head,1.29,1.79,-10,0,0,0,1.29,1.79,-10,0,0,0,1.29,1.79,-10,0,0,0
1.5953386,Head,1.29,1.79,-10,0,0,0,1.29,1.79,-10,0,0,0,1.29,1.79,-10,0,0,0
1.6036167,Head,1.29,1.79,-10,0,0,0,1.29,1.79,-10,0,0,0,1.29,1.79,-10,0,0,0
1.612334,Head,1.29,1.79,-10,0,0,0,1.29,1.79,-10,0,0,0,1.29,1.79,-10,0,0,0
1.6203133,Head,1.29,1.79,-10,0,0,0,1.29,1.79,-10,0,0,0,1.29,1.79,-10,0,0,0
1.6290564,Head,1.29,1.79,-10,0,0,0,1.29,1.79,-10,0,0,0,1.29,1.79,-10,0,0,0
1.6380344,Head,1.29,1.79,-10,0,0,0,1.29,1.79,-10,0,0,0,1.29,1.79,-10,0,0,0
1.6447838,Head,1.29,1.79,-10,0,0,0,1.29,1.79,-10,0,0,0,1.29,1.79,-10,0,0,0
1.6534479,Head,1.29,1.79,-10,0,0,0,1.29,1.79,-10,0,0,0,1.29,1.79,-10,0,0,0
1.6614262,Head,1.29,1.79,-10,0,0,0,1.29,1.79,-10,0,0,0,1.29,1.79,-10,0,0,0
1.6694051,Head,1.29,1.79,-10,0,0,0,1.29,1.79,-10,0,0,0,1.29,1.79,-10,0,0,0
1.6784055,Head,1.29,1.79,-10,0,0,0,1.29,1.79,-10,0,0,0,1.29,1.79,-10,0,0,0
1.6872329,Head,1.29,1.79,-10,0,0,0,1.29,1.79,-10,0,0,0,1.29,1.79,-10,0,0,0
1.6951983,Head,1.29,1.79,-10,0,0,0,1.29,1.79,-10,0,0,0,1.29,1.79,-10,0,0,0
1.7033413,Head,1.29,1.79,-10,0,0,0,1.29,1.79,-10,0,0,0,1.29,1.79,-10,0,0,0
1.7113205,Head,1.29,1.79,-10,0,0,0,1.29,1.79,-10,0,0,0,1.29,1.79,-10,0,0,0
1.7212858,Head,1.29,1.79,-10,0,0,0,1.29,1.79,-10,0,0,0,1.29,1.79,-10,0,0,0
1.7292513,Head,1.29,1.79,-10,0,0,0,1.29,1.79,-10,0,0,0,1.29,1.79,-10,0,0,0
1.7360768,Head,1.29,1.79,-10,0,0,0,1.29,1.79,-10,0,0,0,1.29,1.79,-10,0,0,0
1.7449985,Head,1.29,1.79,-10,0,0,0,1.29,1.79,-10,0,0,0,1.29,1.79,-10,0,0,0
1.7545154,Head,1.29,1.79,-10,0,0,0,1.29,1.79,-10,0,0,0,1.29,1.79,-10,0,0,0
1.7614966,Head,1.29,1.79,-10,0,0,0,1.29,1.79,-10,0,0,0,1.29,1.79,-10,0,0,0
1.7713783,Head,1.29,1.79,-10,0,0,0,1.29,1.79,-10,0,0,0,1.29,1.79,-10,0,0,0
1.7783599,Head,1.29,1.79,-10,0,0,0,1.29,1.79,-10,0,0,0,1.29,1.79,-10,0,0,0
1.7870428,Head,1.29,1.79,-10,0,0,0,1.29,1.79,-10,0,0,0,1.29,1.79,-10,0,0,0
1.7954484,Head,1.29,1.79,-10,0,0,0,1.29,1.79,-10,0,0,0,1.29,1.79,-10,0,0,0
1.8032482,Head,1.29,1.79,-10,0,0,0,1.29,1.79,-10,0,0,0,1.29,1.79,-10,0,0,0
1.8112262,Head,1.29,1.79,-10,0,0,0,1.29,1.79,-10,0,0,0,1.29,1.79,-10,0,0,0
1.8202023,Head,1.29,1.79,-10,0,0,0,1.29,1.79,-10,0,0,0,1.29,1.79,-10,0,0,0
1.8285393,Head,1.29,1.79,-10,0,0,0,1.29,1.79,-10,0,0,0,1.29,1.79,-10,0,0,0
1.8379906,Head,1.29,1.79,-10,0,0,0,1.29,1.79,-10,0,0,0,1.29,1.79,-10,0,0,0
1.8459697,Head,1.29,1.79,-10,0,0,0,1.29,1.79,-10,0,0,0,1.29,1.79,-10,0,0,0
1.853617,Head,1.29,1.79,-10,0,0,0,1.29,1.79,-10,0,0,0,1.29,1.79,-10,0,0,0
1.8621438,Head,1.29,1.79,-10,0,0,0,1.29,1.79,-10,0,0,0,1.29,1.79,-10,0,0,0
1.8701221,Head,1.29,1.79,-10,0,0,0,1.29,1.79,-10,0,0,0,1.29,1.79,-10,0,0,0
1.8810946,Head,1.29,1.79,-10,0,0,0,1.29,1.79,-10,0,0,0,1.29,1.79,-10,0,0,0
1.8867773,Head,1.29,1.79,-10,0,0,0,1.29,1.79,-10,0,0,0,1.29,1.79,-10,0,0,0
1.8953735,Head,1.29,1.79,-10,0,0,0,1.29,1.79,-10,0,0,0,1.29,1.79,-10,0,0,0
1.9030954,Head,1.29,1.79,-10,0,0,0,1.29,1.79,-10,0,0,0,1.29,1.79,-10,0,0,0
1.9110741,Head,1.29,1.79,-10,0,0,0,1.29,1.79,-10,0,0,0,1.29,1.79,-10,0,0,0
1.9199518,Head,1.29,1.79,-10,0,0,0,1.29,1.79,-10,0,0,0,1.29,1.79,-10,0,0,0
1.9294412,Head,1.29,1.79,-10,0,0,0,1.29,1.79,-10,0,0,0,1.29,1.79,-10,0,0,0
1.9370106,Head,1.29,1.79,-10,0,0,0,1.29,1.79,-10,0,0,0,1.29,1.79,-10,0,0,0
1.9449894,Head,1.29,1.79,-10,0,0,0,1.29,1.79,-10,0,0,0,1.29,1.79,-10,0,0,0
1.9525879,Head,1.29,1.79,-10,0,0,0,1.29,1.79,-10,0,0,0,1.29,1.79,-10,0,0,0
1.9625337,Head,1.29,1.79,-10,0,0,0,1.29,1.79,-10,0,0,0,1.29,1.79,-10,0,0,0
1.970497,Head,1.29,1.79,-10,0,0,0,1.29,1.79,-10,0,0,0,1.29,1.79,-10,0,0,0
1.9782657,Head,1.29,1.79,-10,0,0,0,1.29,1.79,-10,0,0,0,1.29,1.79,-10,0,0,0
1.9872414,Head,1.29,1.79,-10,0,0,0,1.29,1.79,-10,0,0,0,1.29,1.79,-10,0,0,0
1.9951623,Head,1.29,1.79,-10,0,0,0,1.29,1.79,-10,0,0,0,1.29,1.79,-10,0,0,0
2.0030249,Head,1.29,1.79,-10,0,0,0,1.29,1.79,-10,0,0,0,1.29,1.79,-10,0,0,0
2.0120017,Head,1.29,1.79,-10,0,0,0,1.29,1.79,-10,0,0,0,1.29,1.79,-10,0,0,0
2.0209778,Head,1.29,1.79,-10,0,0,0,1.29,1.79,-10,0,0,0,1.29,1.79,-10,0,0,0
2.0295412,Head,1.29,1.79,-10,0,0,0,1.29,1.79,-10,0,0,0,1.29,1.79,-10,0,0,0
2.03802,Head,1.29,1.79,-10,0,0,0,1.29,1.79,-10,0,0,0,1.29,1.79,-10,0,0,0
2.045,Head,1.29,1.79,-10,0,0,0,1.29,1.79,-10,0,0,0,1.29,1.79,-10,0,0,0
2.054494,Head,1.29,1.79,-10,0,0,0,1.29,1.79,-10,0,0,0,1.29,1.79,-10,0,0,0
2.062362,Head,1.29,1.79,-10,0,0,0,1.29,1.79,-10,0,0,0,1.29,1.79,-10,0,0,0
2.0703298,Head,1.29,1.79,-10,0,0,0,1.29,1.79,-10,0,0,0,1.29,1.79,-10,0,0,0
2.0783082,Head,1.29,1.79,-10,0,0,0,1.29,1.79,-10,0,0,0,1.29,1.79,-10,0,0,0
2.0873069,Head,1.29,1.79,-10,0,0,0,1.29,1.79,-10,0,0,0,1.29,1.79,-10,0,0,0
2.0971847,Head,1.29,1.79,-10,0,0,0,1.29,1.79,-10,0,0,0,1.29,1.79,-10,0,0,0
2.1051621,Head,1.29,1.79,-10,0,0,0,1.29,1.79,-10,0,0,0,1.29,1.79,-10,0,0,0
2.1129828,Head,1.29,1.79,-10,0,0,0,1.29,1.79,-10,0,0,0,1.29,1.79,-10,0,0,0
2.1209622,Head,1.29,1.79,-10,0,0,0,1.29,1.79,-10,0,0,0,1.29,1.79,-10,0,0,0
2.1295637,Head,1.29,1.79,-10,0,0,0,1.29,1.79,-10,0,0,0,1.29,1.79,-10,0,0,0
2.1371327,Head,1.29,1.79,-10,0,0,0,1.29,1.79,-10,0,0,0,1.29,1.79,-10,0,0,0
2.1451122,Head,1.29,1.79,-10,0,0,0,1.29,1.79,-10,0,0,0,1.29,1.79,-10,0,0,0
2.1539971,Head,1.29,1.79,-10,0,0,0,1.29,1.79,-10,0,0,0,1.29,1.79,-10,0,0,0
2.1619749,Head,1.29,1.79,-10,0,0,0,1.29,1.79,-10,0,0,0,1.29,1.79,-10,0,0,0
2.1709506,Head,1.29,1.79,-10,0,0,0,1.29,1.79,-10,0,0,0,1.29,1.79,-10,0,0,0
2.1794243,Head,1.29,1.79,-10,0,0,0,1.29,1.79,-10,0,0,0,1.29,1.79,-10,0,0,0
2.1873767,Head,1.29,1.79,-10,0,0,0,1.29,1.79,-10,0,0,0,1.29,1.79,-10,0,0,0
2.1953553,Head,1.29,1.79,-10,0,0,0,1.29,1.79,-10,0,0,0,1.29,1.79,-10,0,0,0
2.2032205,Head,1.29,1.79,-10,0,0,0,1.29,1.79,-10,0,0,0,1.29,1.79,-10,0,0,0
2.2121957,Head,1.29,1.79,-10,0,0,0,1.29,1.79,-10,0,0,0,1.29,1.79,-10,0,0,0
2.2221695,Head,1.29,1.79,-10,0,0,0,1.29,1.79,-10,0,0,0,1.29,1.79,-10,0,0,0
2.229151,Head,1.29,1.79,-10,0,0,0,1.29,1.79,-10,0,0,0,1.29,1.79,-10,0,0,0
2.2401241,Head,1.29,1.79,-10,0,0,0,1.29,1.79,-10,0,0,0,1.29,1.79,-10,0,0,0
2.2451083,Head,1.29,1.79,-10,0,0,0,1.29,1.79,-10,0,0,0,1.29,1.79,-10,0,0,0
2.254551,Head,1.29,1.79,-10,0,0,0,1.29,1.79,-10,0,0,0,1.29,1.79,-10,0,0,0
2.2631395,Head,1.29,1.79,-10,0,0,0,1.29,1.79,-10,0,0,0,1.29,1.79,-10,0,0,0
2.2701208,Head,1.29,1.79,-10,0,0,0,1.29,1.79,-10,0,0,0,1.29,1.79,-10,0,0,0
2.2790985,Head,1.29,1.79,-10,0,0,0,1.29,1.79,-10,0,0,0,1.29,1.79,-10,0,0,0
2.2865581,Head,1.29,1.79,-10,0,0,0,1.29,1.79,-10,0,0,0,1.29,1.79,-10,0,0,0
2.2959911,Head,1.29,1.79,-10,0,0,0,1.29,1.79,-10,0,0,0,1.29,1.79,-10,0,0,0
2.3039697,Head,1.29,1.79,-10,0,0,0,1.29,1.79,-10,0,0,0,1.29,1.79,-10,0,0,0
2.3115715,Head,1.29,1.79,-10,0,0,0,1.29,1.79,-10,0,0,0,1.29,1.79,-10,0,0,0
2.320437,Head,1.29,1.79,-10,0,0,0,1.29,1.79,-10,0,0,0,1.29,1.79,-10,0,0,0
2.3289964,Head,1.29,1.79,-10,0,0,0,1.29,1.79,-10,0,0,0,1.29,1.79,-10,0,0,0
2.336975,Head,1.29,1.79,-10,0,0,0,1.29,1.79,-10,0,0,0,1.29,1.79,-10,0,0,0
2.3454984,Head,1.29,1.79,-10,0,0,0,1.29,1.79,-10,0,0,0,1.29,1.79,-10,0,0,0
2.3533148,Head,1.29,1.79,-10,0,0,0,1.29,1.79,-10,0,0,0,1.29,1.79,-10,0,0,0
2.3612931,Head,1.29,1.79,-10,0,0,0,1.29,1.79,-10,0,0,0,1.29,1.79,-10,0,0,0
2.3702693,Head,1.29,1.79,-10,0,0,0,1.29,1.79,-10,0,0,0,1.29,1.79,-10,0,0,0
2.3792971,Head,1.29,1.79,-10,0,0,0,1.29,1.79,-10,0,0,0,1.29,1.79,-10,0,0,0
2.3869536,Head,1.29,1.79,-10,0,0,0,1.29,1.79,-10,0,0,0,1.29,1.79,-10,0,0,0
2.3955161,Head,1.29,1.79,-10,0,0,0,1.29,1.79,-10,0,0,0,1.29,1.79,-10,0,0,0
2.4035353,Head,1.29,1.79,-10,0,0,0,1.29,1.79,-10,0,0,0,1.29,1.79,-10,0,0,0
2.4121049,Head,1.29,1.79,-10,0,0,0,1.29,1.79,-10,0,0,0,1.29,1.79,-10,0,0,0
2.4207614,Head,1.29,1.79,-10,0,0,0,1.29,1.79,-10,0,0,0,1.29,1.79,-10,0,0,0
2.4287073,Head,1.29,1.79,-10,0,0,0,1.29,1.79,-10,0,0,0,1.29,1.79,-10,0,0,0
2.4372246,Head,1.29,1.79,-10,0,0,0,1.29,1.79,-10,0,0,0,1.29,1.79,-10,0,0,0
2.4452015,Head,1.29,1.79,-10,0,0,0,1.29,1.79,-10,0,0,0,1.29,1.79,-10,0,0,0
2.4541816,Head,1.29,1.79,-10,0,0,0,1.29,1.79,-10,0,0,0,1.29,1.79,-10,0,0,0
2.4620606,Head,1.29,1.79,-10,0,0,0,1.29,1.79,-10,0,0,0,1.29,1.79,-10,0,0,0
2.47003,Head,1.29,1.79,-10,0,0,0,1.29,1.79,-10,0,0,0,1.29,1.79,-10,0,0,0
2.4790075,Head,1.29,1.79,-10,0,0,0,1.29,1.79,-10,0,0,0,1.29,1.79,-10,0,0,0
2.486985,Head,1.29,1.79,-10,0,0,0,1.29,1.79,-10,0,0,0,1.29,1.79,-10,0,0,0
2.4968452,Head,1.29,1.79,-10,0,0,0,1.29,1.79,-10,0,0,0,1.29,1.79,-10,0,0,0
2.5033415,Head,1.29,1.79,-10,0,0,0,1.29,1.79,-10,0,0,0,1.29,1.79,-10,0,0,0
2.5123174,Head,1.29,1.79,-10,0,0,0,1.29,1.79,-10,0,0,0,1.29,1.79,-10,0,0,0
2.5202964,Head,1.29,1.79,-10,0,0,0,1.29,1.79,-10,0,0,0,1.29,1.79,-10,0,0,0
2.5283037,Head,1.29,1.79,-10,0,0,0,1.29,1.79,-10,0,0,0,1.29,1.79,-10,0,0,0
2.5372509,Head,1.29,1.79,-10,0,0,0,1.29,1.79,-10,0,0,0,1.29,1.79,-10,0,0,0
2.5450516,Head,1.29,1.79,-10,0,0,0,1.29,1.79,-10,0,0,0,1.29,1.79,-10,0,0,0
2.5534986,Head,1.29,1.79,-10,0,0,0,1.29,1.79,-10,0,0,0,1.29,1.79,-10,0,0,0
2.5620742,Head,1.29,1.79,-10,0,0,0,1.29,1.79,-10,0,0,0,1.29,1.79,-10,0,0,0
2.5700531,Head,1.29,1.79,-10,0,0,0,1.29,1.79,-10,0,0,0,1.29,1.79,-10,0,0,0
2.5789534,Head,1.29,1.79,-10,0,0,0,1.29,1.79,-10,0,0,0,1.29,1.79,-10,0,0,0
2.5876477,Head,1.29,1.79,-10,0,0,0,1.29,1.79,-10,0,0,0,1.29,1.79,-10,0,0,0
2.5952347,Head,1.29,1.79,-10,0,0,0,1.29,1.79,-10,0,0,0,1.29,1.79,-10,0,0,0
2.6034856,Head,1.29,1.79,-10,0,0,0,1.29,1.79,-10,0,0,0,1.29,1.79,-10,0,0,0
2.6128418,Head,1.29,1.79,-10,0,0,0,1.29,1.79,-10,0,0,0,1.29,1.79,-10,0,0,0
2.6208199,Head,1.29,1.79,-10,0,0,0,1.29,1.79,-10,0,0,0,1.29,1.79,-10,0,0,0
2.6284063,Head,1.29,1.79,-10,0,0,0,1.29,1.79,-10,0,0,0,1.29,1.79,-10,0,0,0
2.6373819,Head,1.29,1.79,-10,0,0,0,1.29,1.79,-10,0,0,0,1.29,1.79,-10,0,0,0
2.6452713,Head,1.29,1.79,-10,0,0,0,1.29,1.79,-10,0,0,0,1.29,1.79,-10,0,0,0
2.6532536,Head,1.29,1.79,-10,0,0,0,1.29,1.79,-10,0,0,0,1.29,1.79,-10,0,0,0
2.6620979,Head,1.29,1.79,-10,0,0,0,1.29,1.79,-10,0,0,0,1.29,1.79,-10,0,0,0
2.6700679,Head,1.29,1.79,-10,0,0,0,1.29,1.79,-10,0,0,0,1.29,1.79,-10,0,0,0
2.6800416,Head,1.29,1.79,-10,0,0,0,1.29,1.79,-10,0,0,0,1.29,1.79,-10,0,0,0
2.6870228,Head,1.29,1.79,-10,0,0,0,1.29,1.79,-10,0,0,0,1.29,1.79,-10,0,0,0
2.694546,Head,1.29,1.79,-10,0,0,0,1.29,1.79,-10,0,0,0,1.29,1.79,-10,0,0,0
2.704269,Head,1.29,1.79,-10,0,0,0,1.29,1.79,-10,0,0,0,1.29,1.79,-10,0,0,0
2.7112505,Head,1.29,1.79,-10,0,0,0,1.29,1.79,-10,0,0,0,1.29,1.79,-10,0,0,0
2.7202268,Head,1.29,1.79,-10,0,0,0,1.29,1.79,-10,0,0,0,1.29,1.79,-10,0,0,0
2.7280666,Head,1.29,1.79,-10,0,0,0,1.29,1.79,-10,0,0,0,1.29,1.79,-10,0,0,0
2.7379465,Head,1.29,1.79,-10,0,0,0,1.29,1.79,-10,0,0,0,1.29,1.79,-10,0,0,0
2.7454498,Head,1.29,1.79,-10,0,0,0,1.29,1.79,-10,0,0,0,1.29,1.79,-10,0,0,0
2.7531869,Head,1.29,1.79,-10,0,0,0,1.29,1.79,-10,0,0,0,1.29,1.79,-10,0,0,0
2.7623092,Head,1.29,1.79,-10,0,0,0,1.29,1.79,-10,0,0,0,1.29,1.79,-10,0,0,0
2.769282,Head,1.29,1.79,-10,0,0,0,1.29,1.79,-10,0,0,0,1.29,1.79,-10,0,0,0
2.7782591,Head,1.29,1.79,-10,0,0,0,1.29,1.79,-10,0,0,0,1.29,1.79,-10,0,0,0
2.7872338,Head,1.29,1.79,-10,0,0,0,1.29,1.79,-10,0,0,0,1.29,1.79,-10,0,0,0
2.7951672,Head,1.29,1.79,-10,0,0,0,1.29,1.79,-10,0,0,0,1.29,1.79,-10,0,0,0
2.8041431,Head,1.29,1.79,-10,0,0,0,1.29,1.79,-10,0,0,0,1.29,1.79,-10,0,0,0
2.8126817,Head,1.29,1.79,-10,0,0,0,1.29,1.79,-10,0,0,0,1.29,1.79,-10,0,0,0
2.8206571,Head,1.29,1.79,-10,0,0,0,1.29,1.79,-10,0,0,0,1.29,1.79,-10,0,0,0
2.8289014,Head,1.29,1.79,-10,0,0,0,1.29,1.79,-10,0,0,0,1.29,1.79,-10,0,0,0
2.8385602,Head,1.29,1.79,-10,0,0,0,1.29,1.79,-10,0,0,0,1.29,1.79,-10,0,0,0
2.8455403,Head,1.29,1.79,-10,0,0,0,1.29,1.79,-10,0,0,0,1.29,1.79,-10,0,0,0
2.8533591,Head,1.29,1.79,-10,0,0,0,1.29,1.79,-10,0,0,0,1.29,1.79,-10,0,0,0
2.8621592,Head,1.29,1.79,-10,0,0,0,1.29,1.79,-10,0,0,0,1.29,1.79,-10,0,0,0
2.8701347,Head,1.29,1.79,-10,0,0,0,1.29,1.79,-10,0,0,0,1.29,1.79,-10,0,0,0
2.8799995,Head,1.29,1.79,-10,0,0,0,1.29,1.79,-10,0,0,0,1.29,1.79,-10,0,0,0
2.8859832,Head,1.29,1.79,-10,0,0,0,1.29,1.79,-10,0,0,0,1.29,1.79,-10,0,0,0
2.8955687,Head,1.29,1.79,-10,0,0,0,1.29,1.79,-10,0,0,0,1.29,1.79,-10,0,0,0
2.9032564,Head,1.29,1.79,-10,0,0,0,1.29,1.79,-10,0,0,0,1.29,1.79,-10,0,0,0
2.9122318,Head,1.29,1.79,-10,0,0,0,1.29,1.79,-10,0,0,0,1.29,1.79,-10,0,0,0
2.9202106,Head,1.29,1.79,-10,0,0,0,1.29,1.79,-10,0,0,0,1.29,1.79,-10,0,0,0
2.9281027,Head,1.29,1.79,-10,0,0,0,1.29,1.79,-10,0,0,0,1.29,1.79,-10,0,0,0
2.9359586,Head,1.29,1.79,-10,0,0,0,1.29,1.79,-10,0,0,0,1.29,1.79,-10,0,0,0
2.9454457,Head,1.29,1.79,-10,0,0,0,1.29,1.79,-10,0,0,0,1.29,1.79,-10,0,0,0
2.9533466,Head,1.29,1.79,-10,0,0,0,1.29,1.79,-10,0,0,0,1.29,1.79,-10,0,0,0
2.9618397,Head,1.29,1.79,-10,0,0,0,1.29,1.79,-10,0,0,0,1.29,1.79,-10,0,0,0
2.969815,Head,1.29,1.79,-10,0,0,0,1.29,1.79,-10,0,0,0,1.29,1.79,-10,0,0,0
2.9787909,Head,1.29,1.79,-10,0,0,0,1.29,1.79,-10,0,0,0,1.29,1.79,-10,0,0,0
2.9872205,Head,1.29,1.79,-10,0,0,0,1.29,1.79,-10,0,0,0,1.29,1.79,-10,0,0,0
2.9960881,Head,1.29,1.79,-10,0,0,0,1.29,1.79,-10,0,0,0,1.29,1.79,-10,0,0,0
3.0040661,Head,1.29,1.79,-10,0,0,0,1.29,1.79,-10,0,0,0,1.29,1.79,-10,0,0,0
3.0125155,Head,1.29,1.79,-10,0,0,0,1.29,1.79,-10,0,0,0,1.29,1.79,-10,0,0,0
3.0211235,Head,1.29,1.79,-10,0,0,0,1.29,1.79,-10,0,0,0,1.29,1.79,-10,0,0,0
3.0290934,Head,1.29,1.79,-10,0,0,0,1.29,1.79,-10,0,0,0,1.29,1.79,-10,0,0,0
3.0380708,Head,1.29,1.79,-10,0,0,0,1.29,1.79,-10,0,0,0,1.29,1.79,-10,0,0,0
3.0457219,Head,1.29,1.79,-10,0,0,0,1.29,1.79,-10,0,0,0,1.29,1.79,-10,0,0,0
3.0542204,Head,1.29,1.79,-10,0,0,0,1.29,1.79,-10,0,0,0,1.29,1.79,-10,0,0,0
3.062121,Head,1.29,1.79,-10,0,0,0,1.29,1.79,-10,0,0,0,1.29,1.79,-10,0,0,0
3.0701006,Head,1.29,1.79,-10,0,0,0,1.29,1.79,-10,0,0,0,1.29,1.79,-10,0,0,0
3.0779751,Head,1.29,1.79,-10,0,0,0,1.29,1.79,-10,0,0,0,1.29,1.79,-10,0,0,0
3.086857,Head,1.29,1.79,-10,0,0,0,1.29,1.79,-10,0,0,0,1.29,1.79,-10,0,0,0
3.0955213,Head,1.29,1.79,-10,0,0,0,1.29,1.79,-10,0,0,0,1.29,1.79,-10,0,0,0
3.1031495,Head,1.29,1.79,-10,0,0,0,1.29,1.79,-10,0,0,0,1.29,1.79,-10,0,0,0
3.1131234,Head,1.29,1.79,-10,0,0,0,1.29,1.79,-10,0,0,0,1.29,1.79,-10,0,0,0
3.120104,Head,1.29,1.79,-10,0,0,0,1.29,1.79,-10,0,0,0,1.29,1.79,-10,0,0,0
3.1290801,Head,1.29,1.79,-10,0,0,0,1.29,1.79,-10,0,0,0,1.29,1.79,-10,0,0,0
3.1367086,Head,1.29,1.79,-10,0,0,0,1.29,1.79,-10,0,0,0,1.29,1.79,-10,0,0,0
3.1458329,Head,1.29,1.79,-10,0,0,0,1.29,1.79,-10,0,0,0,1.29,1.79,-10,0,0,0
3.1536208,Head,1.29,1.79,-10,0,0,0,1.29,1.79,-10,0,0,0,1.29,1.79,-10,0,0,0
3.1616459,Head,1.29,1.79,-10,0,0,0,1.29,1.79,-10,0,0,0,1.29,1.79,-10,0,0,0
3.1711477,Head,1.29,1.79,-10,0,0,0,1.29,1.79,-10,0,0,0,1.29,1.79,-10,0,0,0
3.1791089,Head,1.29,1.79,-10,0,0,0,1.29,1.79,-10,0,0,0,1.29,1.79,-10,0,0,0
3.1865416,Head,1.29,1.79,-10,0,0,0,1.29,1.79,-10,0,0,0,1.29,1.79,-10,0,0,0
3.1960734,Head,1.29,1.79,-10,0,0,0,1.29,1.79,-10,0,0,0,1.29,1.79,-10,0,0,0
3.2040525,Head,1.29,1.79,-10,0,0,0,1.29,1.79,-10,0,0,0,1.29,1.79,-10,0,0,0
3.2116296,Head,1.29,1.79,-10,0,0,0,1.29,1.79,-10,0,0,0,1.29,1.79,-10,0,0,0
3.2210607,Head,1.29,1.79,-10,0,0,0,1.29,1.79,-10,0,0,0,1.29,1.79,-10,0,0,0
3.2289901,Head,1.29,1.79,-10,0,0,0,1.29,1.79,-10,0,0,0,1.29,1.79,-10,0,0,0
3.2376608,Head,1.29,1.79,-10,0,0,0,1.29,1.79,-10,0,0,0,1.29,1.79,-10,0,0,0
3.2453072,Head,1.29,1.79,-10,0,0,0,1.29,1.79,-10,0,0,0,1.29,1.79,-10,0,0,0
3.2536264,Head,1.29,1.79,-10,0,0,0,1.29,1.79,-10,0,0,0,1.29,1.79,-10,0,0,0
3.2611911,Head,1.29,1.79,-10,0,0,0,1.29,1.79,-10,0,0,0,1.29,1.79,-10,0,0,0
3.2711626,Head,1.29,1.79,-10,0,0,0,1.29,1.79,-10,0,0,0,1.29,1.79,-10,0,0,0
3.2791971,Head,1.29,1.79,-10,0,0,0,1.29,1.79,-10,0,0,0,1.29,1.79,-10,0,0,0
3.2860584,Head,1.29,1.79,-10,0,0,0,1.29,1.79,-10,0,0,0,1.29,1.79,-10,0,0,0
3.2950325,Head,1.29,1.79,-10,0,0,0,1.29,1.79,-10,0,0,0,1.29,1.79,-10,0,0,0
3.3045064,Head,1.29,1.79,-10,0,0,0,1.29,1.79,-10,0,0,0,1.29,1.79,-10,0,0,0
3.3119906,Head,1.29,1.79,-10,0,0,0,1.29,1.79,-10,0,0,0,1.29,1.79,-10,0,0,0
3.3199655,Head,1.29,1.79,-10,0,0,0,1.29,1.79,-10,0,0,0,1.29,1.79,-10,0,0,0
3.3286513,Head,1.29,1.79,-10,0,0,0,1.29,1.79,-10,0,0,0,1.29,1.79,-10,0,0,0
3.3375478,Head,1.29,1.79,-10,0,0,0,1.29,1.79,-10,0,0,0,1.29,1.79,-10,0,0,0
3.3450837,Head,1.29,1.79,-10,0,0,0,1.29,1.79,-10,0,0,0,1.29,1.79,-10,0,0,0
3.3530629,Head,1.29,1.79,-10,0,0,0,1.29,1.79,-10,0,0,0,1.29,1.79,-10,0,0,0
3.3624709,Head,1.29,1.79,-10,0,0,0,1.29,1.79,-10,0,0,0,1.29,1.79,-10,0,0,0
3.370445,Head,1.29,1.79,-10,0,0,0,1.29,1.79,-10,0,0,0,1.29,1.79,-10,0,0,0
3.3779958,Head,1.29,1.79,-10,0,0,0,1.29,1.79,-10,0,0,0,1.29,1.79,-10,0,0,0
3.386971,Head,1.29,1.79,-10,0,0,0,1.29,1.79,-10,0,0,0,1.29,1.79,-10,0,0,0
3.3964765,Head,1.29,1.79,-10,0,0,0,1.29,1.79,-10,0,0,0,1.29,1.79,-10,0,0,0
3.4040584,Head,1.29,1.79,-10,0,0,0,1.29,1.79,-10,0,0,0,1.29,1.79,-10,0,0,0
3.4120377,Head,1.29,1.79,-10,0,0,0,1.29,1.79,-10,0,0,0,1.29,1.79,-10,0,0,0
3.4210124,Head,1.29,1.79,-10,0,0,0,1.29,1.79,-10,0,0,0,1.29,1.79,-10,0,0,0
3.428575,Head,1.29,1.79,-10,0,0,0,1.29,1.79,-10,0,0,0,1.29,1.79,-10,0,0,0
3.4373348,Head,1.29,1.79,-10,0,0,0,1.29,1.79,-10,0,0,0,1.29,1.79,-10,0,0,0
3.4443156,Head,1.29,1.79,-10,0,0,0,1.29,1.79,-10,0,0,0,1.29,1.79,-10,0,0,0
3.4531678,Head,1.29,1.79,-10,0,0,0,1.29,1.79,-10,0,0,0,1.29,1.79,-10,0,0,0
3.462078,Head,1.29,1.79,-10,0,0,0,1.29,1.79,-10,0,0,0,1.29,1.79,-10,0,0,0
3.470044,Head,1.29,1.79,-10,0,0,0,1.29,1.79,-10,0,0,0,1.29,1.79,-10,0,0,0
3.4800172,Head,1.29,1.79,-10,0,0,0,1.29,1.79,-10,0,0,0,1.29,1.79,-10,0,0,0
3.4879214,Head,1.29,1.79,-10,0,0,0,1.29,1.79,-10,0,0,0,1.29,1.79,-10,0,0,0
3.4954408,Head,1.29,1.79,-10,0,0,0,1.29,1.79,-10,0,0,0,1.29,1.79,-10,0,0,0
3.5033613,Head,1.29,1.79,-10,0,0,0,1.29,1.79,-10,0,0,0,1.29,1.79,-10,0,0,0
3.5113382,Head,1.29,1.79,-10,0,0,0,1.29,1.79,-10,0,0,0,1.29,1.79,-10,0,0,0
3.52118,Head,1.29,1.79,-10,0,0,0,1.29,1.79,-10,0,0,0,1.29,1.79,-10,0,0,0
3.5281616,Head,1.29,1.79,-10,0,0,0,1.29,1.79,-10,0,0,0,1.29,1.79,-10,0,0,0
3.5376065,Head,1.29,1.79,-10,0,0,0,1.29,1.79,-10,0,0,0,1.29,1.79,-10,0,0,0
3.5458294,Head,1.29,1.79,-10,0,0,0,1.29,1.79,-10,0,0,0,1.29,1.79,-10,0,0,0
3.5533423,Head,1.29,1.79,-10,0,0,0,1.29,1.79,-10,0,0,0,1.29,1.79,-10,0,0,0
3.5613208,Head,1.29,1.79,-10,0,0,0,1.29,1.79,-10,0,0,0,1.29,1.79,-10,0,0,0
3.5701504,Head,1.29,1.79,-10,0,0,0,1.29,1.79,-10,0,0,0,1.29,1.79,-10,0,0,0
3.5781083,Head,1.29,1.79,-10,0,0,0,1.29,1.79,-10,0,0,0,1.29,1.79,-10,0,0,0
3.5880813,Head,1.29,1.79,-10,0,0,0,1.29,1.79,-10,0,0,0,1.29,1.79,-10,0,0,0
3.5952217,Head,1.29,1.79,-10,0,0,0,1.29,1.79,-10,0,0,0,1.29,1.79,-10,0,0,0
3.6031372,Head,1.29,1.79,-10,0,0,0,1.29,1.79,-10,0,0,0,1.29,1.79,-10,0,0,0
3.6111155,Head,1.29,1.79,-10,0,0,0,1.29,1.79,-10,0,0,0,1.29,1.79,-10,0,0,0
3.6210882,Head,1.29,1.79,-10,0,0,0,1.29,1.79,-10,0,0,0,1.29,1.79,-10,0,0,0
3.6286309,Head,1.29,1.79,-10,0,0,0,1.29,1.79,-10,0,0,0,1.29,1.79,-10,0,0,0
3.6370855,Head,1.29,1.79,-10,0,0,0,1.29,1.79,-10,0,0,0,1.29,1.79,-10,0,0,0
3.6450652,Head,1.29,1.79,-10,0,0,0,1.29,1.79,-10,0,0,0,1.29,1.79,-10,0,0,0
3.653498,Head,1.29,1.79,-10,0,0,0,1.29,1.79,-10,0,0,0,1.29,1.79,-10,0,0,0
3.661978,Head,1.29,1.79,-10,0,0,0,1.29,1.79,-10,0,0,0,1.29,1.79,-10,0,0,0
3.6699512,Head,1.29,1.79,-10,0,0,0,1.29,1.79,-10,0,0,0,1.29,1.79,-10,0,0,0
3.6784972,Head,1.29,1.79,-10,0,0,0,1.29,1.79,-10,0,0,0,1.29,1.79,-10,0,0,0
3.6873042,Head,1.29,1.79,-10,0,0,0,1.29,1.79,-10,0,0,0,1.29,1.79,-10,0,0,0
3.6951951,Head,1.29,1.79,-10,0,0,0,1.29,1.79,-10,0,0,0,1.29,1.79,-10,0,0,0
3.7041713,Head,1.29,1.79,-10,0,0,0,1.29,1.79,-10,0,0,0,1.29,1.79,-10,0,0,0
3.7120185,Head,1.29,1.79,-10,0,0,0,1.29,1.79,-10,0,0,0,1.29,1.79,-10,0,0,0
3.7209877,Head,1.29,1.79,-10,0,0,0,1.29,1.79,-10,0,0,0,1.29,1.79,-10,0,0,0
3.7289554,Head,1.29,1.79,-10,0,0,0,1.29,1.79,-10,0,0,0,1.29,1.79,-10,0,0,0
3.7364761,Head,1.29,1.79,-10,0,0,0,1.29,1.79,-10,0,0,0,1.29,1.79,-10,0,0,0
3.7459997,Head,1.29,1.79,-10,0,0,0,1.29,1.79,-10,0,0,0,1.29,1.79,-10,0,0,0
3.7539651,Head,1.29,1.79,-10,0,0,0,1.29,1.79,-10,0,0,0,1.29,1.79,-10,0,0,0
3.7616458,Head,1.29,1.79,-10,0,0,0,1.29,1.79,-10,0,0,0,1.29,1.79,-10,0,0,0
3.7706161,Head,1.29,1.79,-10,0,0,0,1.29,1.79,-10,0,0,0,1.29,1.79,-10,0,0,0
3.7784421,Head,1.29,1.79,-10,0,0,0,1.29,1.79,-10,0,0,0,1.29,1.79,-10,0,0,0
3.7874187,Head,1.29,1.79,-10,0,0,0,1.29,1.79,-10,0,0,0,1.29,1.79,-10,0,0,0
3.7946781,Head,1.29,1.79,-10,0,0,0,1.29,1.79,-10,0,0,0,1.29,1.79,-10,0,0,0
3.8046806,Head,1.29,1.79,-10,0,0,0,1.29,1.79,-10,0,0,0,1.29,1.79,-10,0,0,0
3.8112741,Head,1.29,1.79,-10,0,0,0,1.29,1.79,-10,0,0,0,1.29,1.79,-10,0,0,0
3.820248,Head,1.29,1.79,-10,0,0,0,1.29,1.79,-10,0,0,0,1.29,1.79,-10,0,0,0
3.8282266,Head,1.29,1.79,-10,0,0,0,1.29,1.79,-10,0,0,0,1.29,1.79,-10,0,0,0
3.8360751,Head,1.29,1.79,-10,0,0,0,1.29,1.79,-10,0,0,0,1.29,1.79,-10,0,0,0
3.8450753,Head,1.29,1.79,-10,0,0,0,1.29,1.79,-10,0,0,0,1.29,1.79,-10,0,0,0
3.8535622,Head,1.29,1.79,-10,0,0,0,1.29,1.79,-10,0,0,0,1.29,1.79,-10,0,0,0
3.8624497,Head,1.29,1.79,-10,0,0,0,1.29,1.79,-10,0,0,0,1.29,1.79,-10,0,0,0
3.870428,Head,1.29,1.79,-10,0,0,0,1.29,1.79,-10,0,0,0,1.29,1.79,-10,0,0,0
3.880402,Head,1.29,1.79,-10,0,0,0,1.29,1.79,-10,0,0,0,1.29,1.79,-10,0,0,0
3.8872456,Head,1.29,1.79,-10,0,0,0,1.29,1.79,-10,0,0,0,1.29,1.79,-10,0,0,0
3.8971266,Head,1.29,1.79,-10,0,0,0,1.29,1.79,-10,0,0,0,1.29,1.79,-10,0,0,0
3.9031104,Head,1.29,1.79,-10,0,0,0,1.29,1.79,-10,0,0,0,1.29,1.79,-10,0,0,0
3.9110894,Head,1.29,1.79,-10,0,0,0,1.29,1.79,-10,0,0,0,1.29,1.79,-10,0,0,0
3.9209463,Head,1.29,1.79,-10,0,0,0,1.29,1.79,-10,0,0,0,1.29,1.79,-10,0,0,0
3.9278337,Head,1.29,1.79,-10,0,0,0,1.29,1.79,-10,0,0,0,1.29,1.79,-10,0,0,0
3.9363486,Head,1.29,1.79,-10,0,0,0,1.29,1.79,-10,0,0,0,1.29,1.79,-10,0,0,0
3.9461648,Head,1.29,1.79,-10,0,0,0,1.29,1.79,-10,0,0,0,1.29,1.79,-10,0,0,0
3.9531461,Head,1.29,1.79,-10,0,0,0,1.29,1.79,-10,0,0,0,1.29,1.79,-10,0,0,0
3.9621231,Head,1.29,1.79,-10,0,0,0,1.29,1.79,-10,0,0,0,1.29,1.79,-10,0,0,0
3.9710975,Head,1.29,1.79,-10,0,0,0,1.29,1.79,-10,0,0,0,1.29,1.79,-10,0,0,0
3.9787319,Head,1.29,1.79,-10,0,0,0,1.29,1.79,-10,0,0,0,1.29,1.79,-10,0,0,0
3.9863809,Head,1.29,1.79,-10,0,0,0,1.29,1.79,-10,0,0,0,1.29,1.79,-10,0,0,0
3.9953572,Head,1.29,1.79,-10,0,0,0,1.29,1.79,-10,0,0,0,1.29,1.79,-10,0,0,0
4.00318,Head,1.29,1.79,-10,0,0,0,1.29,1.79,-10,0,0,0,1.29,1.79,-10,0,0,0
4.0120365,Head,1.29,1.79,-10,0,0,0,1.29,1.79,-10,0,0,0,1.29,1.79,-10,0,0,0
4.0210102,Head,1.29,1.79,-10,0,0,0,1.29,1.79,-10,0,0,0,1.29,1.79,-10,0,0,0
4.0279916,Head,1.29,1.79,-10,0,0,0,1.29,1.79,-10,0,0,0,1.29,1.79,-10,0,0,0
4.0374509,Head,1.29,1.79,-10,0,0,0,1.29,1.79,-10,0,0,0,1.29,1.79,-10,0,0,0
4.0452312,Head,1.29,1.79,-10,0,0,0,1.29,1.79,-10,0,0,0,1.29,1.79,-10,0,0,0
4.0531844,Head,1.29,1.79,-10,0,0,0,1.29,1.79,-10,0,0,0,1.29,1.79,-10,0,0,0
4.062153,Head,1.29,1.79,-10,0,0,0,1.29,1.79,-10,0,0,0,1.29,1.79,-10,0,0,0
4.0701254,Head,1.29,1.79,-10,0,0,0,1.29,1.79,-10,0,0,0,1.29,1.79,-10,0,0,0
4.0791033,Head,1.29,1.79,-10,0,0,0,1.29,1.79,-10,0,0,0,1.29,1.79,-10,0,0,0
4.0870797,Head,1.29,1.79,-10,0,0,0,1.29,1.79,-10,0,0,0,1.29,1.79,-10,0,0,0
4.0955721,Head,1.29,1.79,-10,0,0,0,1.29,1.79,-10,0,0,0,1.29,1.79,-10,0,0,0
4.1040148,Head,1.29,1.79,-10,0,0,0,1.29,1.79,-10,0,0,0,1.29,1.79,-10,0,0,0
4.111995,Head,1.29,1.79,-10,0,0,0,1.29,1.79,-10,0,0,0,1.29,1.79,-10,0,0,0
4.1199742,Head,1.29,1.79,-10,0,0,0,1.29,1.79,-10,0,0,0,1.29,1.79,-10,0,0,0
4.1296638,Head,1.29,1.79,-10,0,0,0,1.29,1.79,-10,0,0,0,1.29,1.79,-10,0,0,0
4.1366805,Head,1.29,1.79,-10,0,0,0,1.29,1.79,-10,0,0,0,1.29,1.79,-10,0,0,0
4.1451054,Head,1.29,1.79,-10,0,0,0,1.29,1.79,-10,0,0,0,1.29,1.79,-10,0,0,0
4.1539874,Head,1.29,1.79,-10,0,0,0,1.29,1.79,-10,0,0,0,1.29,1.79,-10,0,0,0
4.1614925,Head,1.29,1.79,-10,0,0,0,1.29,1.79,-10,0,0,0,1.29,1.79,-10,0,0,0
4.1694685,Head,1.29,1.79,-10,0,0,0,1.29,1.79,-10,0,0,0,1.29,1.79,-10,0,0,0
4.179233,Head,1.29,1.79,-10,0,0,0,1.29,1.79,-10,0,0,0,1.29,1.79,-10,0,0,0
4.1869605,Head,1.29,1.79,-10,0,0,0,1.29,1.79,-10,0,0,0,1.29,1.79,-10,0,0,0
4.1954947,Head,1.29,1.79,-10,0,0,0,1.29,1.79,-10,0,0,0,1.29,1.79,-10,0,0,0
4.2033525,Head,1.29,1.79,-10,0,0,0,1.29,1.79,-10,0,0,0,1.29,1.79,-10,0,0,0
4.2132038,Head,1.29,1.79,-10,0,0,0,1.29,1.79,-10,0,0,0,1.29,1.79,-10,0,0,0
4.2201848,Head,1.29,1.79,-10,0,0,0,1.29,1.79,-10,0,0,0,1.29,1.79,-10,0,0,0
4.2281636,Head,1.29,1.79,-10,0,0,0,1.29,1.79,-10,0,0,0,1.29,1.79,-10,0,0,0
4.2369656,Head,1.29,1.79,-10,0,0,0,1.29,1.79,-10,0,0,0,1.29,1.79,-10,0,0,0
4.2443865,Head,1.29,1.79,-10,0,0,0,1.29,1.79,-10,0,0,0,1.29,1.79,-10,0,0,0
4.2553355,Head,1.29,1.79,-10,0,0,0,1.29,1.79,-10,0,0,0,1.29,1.79,-10,0,0,0
4.2615885,Head,1.29,1.79,-10,0,0,0,1.29,1.79,-10,0,0,0,1.29,1.79,-10,0,0,0
4.2722318,Head,1.29,1.79,-10,0,0,0,1.29,1.79,-10,0,0,0,1.29,1.79,-10,0,0,0
4.2792092,Head,1.29,1.79,-10,0,0,0,1.29,1.79,-10,0,0,0,1.29,1.79,-10,0,0,0
4.2871871,Head,1.29,1.79,-10,0,0,0,1.29,1.79,-10,0,0,0,1.29,1.79,-10,0,0,0
4.2950072,Head,1.29,1.79,-10,0,0,0,1.29,1.79,-10,0,0,0,1.29,1.79,-10,0,0,0
4.3039703,Head,1.29,1.79,-10,0,0,0,1.29,1.79,-10,0,0,0,1.29,1.79,-10,0,0,0
4.3116499,Head,1.29,1.79,-10,0,0,0,1.29,1.79,-10,0,0,0,1.29,1.79,-10,0,0,0
4.3206203,Head,1.29,1.79,-10,0,0,0,1.29,1.79,-10,0,0,0,1.29,1.79,-10,0,0,0
4.3290043,Head,1.29,1.79,-10,0,0,0,1.29,1.79,-10,0,0,0,1.29,1.79,-10,0,0,0
4.3368241,Head,1.29,1.79,-10,0,0,0,1.29,1.79,-10,0,0,0,1.29,1.79,-10,0,0,0
4.3454321,Head,1.29,1.79,-10,0,0,0,1.29,1.79,-10,0,0,0,1.29,1.79,-10,0,0,0
4.3533506,Head,1.29,1.79,-10,0,0,0,1.29,1.79,-10,0,0,0,1.29,1.79,-10,0,0,0
4.3625639,Head,1.29,1.79,-10,0,0,0,1.29,1.79,-10,0,0,0,1.29,1.79,-10,0,0,0
4.3711261,Head,1.29,1.79,-10,0,0,0,1.29,1.79,-10,0,0,0,1.29,1.79,-10,0,0,0
4.3791006,Head,1.29,1.79,-10,0,0,0,1.29,1.79,-10,0,0,0,1.29,1.79,-10,0,0,0
4.3865611,Head,1.29,1.79,-10,0,0,0,1.29,1.79,-10,0,0,0,1.29,1.79,-10,0,0,0
4.3959623,Head,1.29,1.79,-10,0,0,0,1.29,1.79,-10,0,0,0,1.29,1.79,-10,0,0,0
4.4036551,Head,1.29,1.79,-10,0,0,0,1.29,1.79,-10,0,0,0,1.29,1.79,-10,0,0,0
4.4120663,Head,1.29,1.79,-10,0,0,0,1.29,1.79,-10,0,0,0,1.29,1.79,-10,0,0,0
4.4200403,Head,1.29,1.79,-10,0,0,0,1.29,1.79,-10,0,0,0,1.29,1.79,-10,0,0,0
4.4279767,Head,1.29,1.79,-10,0,0,0,1.29,1.79,-10,0,0,0,1.29,1.79,-10,0,0,0
4.4359546,Head,1.29,1.79,-10,0,0,0,1.29,1.79,-10,0,0,0,1.29,1.79,-10,0,0,0
4.4454459,Head,1.29,1.79,-10,0,0,0,1.29,1.79,-10,0,0,0,1.29,1.79,-10,0,0,0
4.4530441,Head,1.29,1.79,-10,0,0,0,1.29,1.79,-10,0,0,0,1.29,1.79,-10,0,0,0
4.4628124,Head,1.29,1.79,-10,0,0,0,1.29,1.79,-10,0,0,0,1.29,1.79,-10,0,0,0
4.4708941,Head,1.29,1.79,-10,0,0,0,1.29,1.79,-10,0,0,0,1.29,1.79,-10,0,0,0
4.4794635,Head,1.29,1.79,-10,0,0,0,1.29,1.79,-10,0,0,0,1.29,1.79,-10,0,0,0
4.4862884,Head,1.29,1.79,-10,0,0,0,1.29,1.79,-10,0,0,0,1.29,1.79,-10,0,0,0
4.4951074,Head,1.29,1.79,-10,0,0,0,1.29,1.79,-10,0,0,0,1.29,1.79,-10,0,0,0
4.5039834,Head,1.29,1.79,-10,0,0,0,1.29,1.79,-10,0,0,0,1.29,1.79,-10,0,0,0
4.5119619,Head,1.29,1.79,-10,0,0,0,1.29,1.79,-10,0,0,0,1.29,1.79,-10,0,0,0
4.5199401,Head,1.29,1.79,-10,0,0,0,1.29,1.79,-10,0,0,0,1.29,1.79,-10,0,0,0
4.5275766,Head,1.29,1.79,-10,0,0,0,1.29,1.79,-10,0,0,0,1.29,1.79,-10,0,0,0
4.5370597,Head,1.29,1.79,-10,0,0,0,1.29,1.79,-10,0,0,0,1.29,1.79,-10,0,0,0
4.5450381,Head,1.29,1.79,-10,0,0,0,1.29,1.79,-10,0,0,0,1.29,1.79,-10,0,0,0
4.553548,Head,1.29,1.79,-10,0,0,0,1.29,1.79,-10,0,0,0,1.29,1.79,-10,0,0,0
4.5621041,Head,1.29,1.79,-10,0,0,0,1.29,1.79,-10,0,0,0,1.29,1.79,-10,0,0,0
4.570078,Head,1.29,1.79,-10,0,0,0,1.29,1.79,-10,0,0,0,1.29,1.79,-10,0,0,0
4.5790547,Head,1.29,1.79,-10,0,0,0,1.29,1.79,-10,0,0,0,1.29,1.79,-10,0,0,0
4.586844,Head,1.29,1.79,-10,0,0,0,1.29,1.79,-10,0,0,0,1.29,1.79,-10,0,0,0
4.5952394,Head,1.29,1.79,-10,0,0,0,1.29,1.79,-10,0,0,0,1.29,1.79,-10,0,0,0
4.6033767,Head,1.29,1.79,-10,0,0,0,1.29,1.79,-10,0,0,0,1.29,1.79,-10,0,0,0
4.612224,Head,1.29,1.79,-10,0,0,0,1.29,1.79,-10,0,0,0,1.29,1.79,-10,0,0,0
4.6201895,Head,1.29,1.79,-10,0,0,0,1.29,1.79,-10,0,0,0,1.29,1.79,-10,0,0,0
4.6281691,Head,1.29,1.79,-10,0,0,0,1.29,1.79,-10,0,0,0,1.29,1.79,-10,0,0,0
4.6381436,Head,1.29,1.79,-10,0,0,0,1.29,1.79,-10,0,0,0,1.29,1.79,-10,0,0,0
4.6456149,Head,1.29,1.79,-10,0,0,0,1.29,1.79,-10,0,0,0,1.29,1.79,-10,0,0,0
4.6542348,Head,1.29,1.79,-10,0,0,0,1.29,1.79,-10,0,0,0,1.29,1.79,-10,0,0,0
4.6617433,Head,1.29,1.79,-10,0,0,0,1.29,1.79,-10,0,0,0,1.29,1.79,-10,0,0,0
4.6707122,Head,1.29,1.79,-10,0,0,0,1.29,1.79,-10,0,0,0,1.29,1.79,-10,0,0,0
4.679265,Head,1.29,1.79,-10,0,0,0,1.29,1.79,-10,0,0,0,1.29,1.79,-10,0,0,0
4.6870982,Head,1.29,1.79,-10,0,0,0,1.29,1.79,-10,0,0,0,1.29,1.79,-10,0,0,0
4.6950769,Head,1.29,1.79,-10,0,0,0,1.29,1.79,-10,0,0,0,1.29,1.79,-10,0,0,0
4.7036346,Head,1.29,1.79,-10,0,0,0,1.29,1.79,-10,0,0,0,1.29,1.79,-10,0,0,0
4.7112216,Head,1.29,1.79,-10,0,0,0,1.29,1.79,-10,0,0,0,1.29,1.79,-10,0,0,0
4.7201934,Head,1.29,1.79,-10,0,0,0,1.29,1.79,-10,0,0,0,1.29,1.79,-10,0,0,0
4.7282031,Head,1.29,1.79,-10,0,0,0,1.29,1.79,-10,0,0,0,1.29,1.79,-10,0,0,0
4.7371482,Head,1.29,1.79,-10,0,0,0,1.29,1.79,-10,0,0,0,1.29,1.79,-10,0,0,0
4.745041,Head,1.29,1.79,-10,0,0,0,1.29,1.79,-10,0,0,0,1.29,1.79,-10,0,0,0
4.7540184,Head,1.29,1.79,-10,0,0,0,1.29,1.79,-10,0,0,0,1.29,1.79,-10,0,0,0
4.7615962,Head,1.29,1.79,-10,0,0,0,1.29,1.79,-10,0,0,0,1.29,1.79,-10,0,0,0
4.7710765,Head,1.29,1.79,-10,0,0,0,1.29,1.79,-10,0,0,0,1.29,1.79,-10,0,0,0
4.7790274,Head,1.29,1.79,-10,0,0,0,1.29,1.79,-10,0,0,0,1.29,1.79,-10,0,0,0
4.7865034,Head,1.29,1.79,-10,0,0,0,1.29,1.79,-10,0,0,0,1.29,1.79,-10,0,0,0
4.7949822,Head,1.29,1.79,-10,0,0,0,1.29,1.79,-10,0,0,0,1.29,1.79,-10,0,0,0
4.8039583,Head,1.29,1.79,-10,0,0,0,1.29,1.79,-10,0,0,0,1.29,1.79,-10,0,0,0
4.8117989,Head,1.29,1.79,-10,0,0,0,1.29,1.79,-10,0,0,0,1.29,1.79,-10,0,0,0
4.8206625,Head,1.29,1.79,-10,0,0,0,1.29,1.79,-10,0,0,0,1.29,1.79,-10,0,0,0
4.828673,Head,1.29,1.79,-10,0,0,0,1.29,1.79,-10,0,0,0,1.29,1.79,-10,0,0,0
4.8391799,Head,1.29,1.79,-10,0,0,0,1.29,1.79,-10,0,0,0,1.29,1.79,-10,0,0,0
4.8461611,Head,1.29,1.79,-10,0,0,0,1.29,1.79,-10,0,0,0,1.29,1.79,-10,0,0,0
4.8530396,Head,1.29,1.79,-10,0,0,0,1.29,1.79,-10,0,0,0,1.29,1.79,-10,0,0,0
4.8620152,Head,1.29,1.79,-10,0,0,0,1.29,1.79,-10,0,0,0,1.29,1.79,-10,0,0,0
4.8699945,Head,1.29,1.79,-10,0,0,0,1.29,1.79,-10,0,0,0,1.29,1.79,-10,0,0,0
4.8795568,Head,1.29,1.79,-10,0,0,0,1.29,1.79,-10,0,0,0,1.29,1.79,-10,0,0,0
4.8875278,Head,1.29,1.79,-10,0,0,0,1.29,1.79,-10,0,0,0,1.29,1.79,-10,0,0,0
4.8952993,Head,1.29,1.79,-10,0,0,0,1.29,1.79,-10,0,0,0,1.29,1.79,-10,0,0,0
4.9031322,Head,1.29,1.79,-10,0,0,0,1.29,1.79,-10,0,0,0,1.29,1.79,-10,0,0,0
4.9120026,Head,1.29,1.79,-10,0,0,0,1.29,1.79,-10,0,0,0,1.29,1.79,-10,0,0,0
4.9199764,Head,1.29,1.79,-10,0,0,0,1.29,1.79,-10,0,0,0,1.29,1.79,-10,0,0,0
4.9279556,Head,1.29,1.79,-10,0,0,0,1.29,1.79,-10,0,0,0,1.29,1.79,-10,0,0,0
4.936442,Head,1.29,1.79,-10,0,0,0,1.29,1.79,-10,0,0,0,1.29,1.79,-10,0,0,0
4.9450378,Head,1.29,1.79,-10,0,0,0,1.29,1.79,-10,0,0,0,1.29,1.79,-10,0,0,0
4.9530164,Head,1.29,1.79,-10,0,0,0,1.29,1.79,-10,0,0,0,1.29,1.79,-10,0,0,0
4.9624693,Head,1.29,1.79,-10,0,0,0,1.29,1.79,-10,0,0,0,1.29,1.79,-10,0,0,0
4.9710287,Head,1.29,1.79,-10,0,0,0,1.29,1.79,-10,0,0,0,1.29,1.79,-10,0,0,0
4.9809973,Head,1.29,1.79,-10,0,0,0,1.29,1.79,-10,0,0,0,1.29,1.79,-10,0,0,0
4.9879783,Head,1.29,1.79,-10,0,0,0,1.29,1.79,-10,0,0,0,1.29,1.79,-10,0,0,0
4.9955651,Head,1.29,1.79,-10,0,0,0,1.29,1.79,-10,0,0,0,1.29,1.79,-10,0,0,0
5.0040727,Head,1.29,1.79,-10,0,0,0,1.29,1.79,-10,0,0,0,1.29,1.79,-10,0,0,0
5.0120501,Head,1.29,1.79,-10,0,0,0,1.29,1.79,-10,0,0,0,1.29,1.79,-10,0,0,0
5.0210267,Head,1.29,1.79,-10,0,0,0,1.29,1.79,-10,0,0,0,1.29,1.79,-10,0,0,0
5.0287241,Head,1.29,1.79,-10,0,0,0,1.29,1.79,-10,0,0,0,1.29,1.79,-10,0,0,0
5.0382305,Head,1.29,1.79,-10,0,0,0,1.29,1.79,-10,0,0,0,1.29,1.79,-10,0,0,0
5.0462264,Head,1.29,1.79,-10,0,0,0,1.29,1.79,-10,0,0,0,1.29,1.79,-10,0,0,0
5.0541313,Head,1.29,1.79,-10,0,0,0,1.29,1.79,-10,0,0,0,1.29,1.79,-10,0,0,0
5.0621082,Head,1.29,1.79,-10,0,0,0,1.29,1.79,-10,0,0,0,1.29,1.79,-10,0,0,0
5.0700872,Head,1.29,1.79,-10,0,0,0,1.29,1.79,-10,0,0,0,1.29,1.79,-10,0,0,0
5.0780665,Head,1.29,1.79,-10,0,0,0,1.29,1.79,-10,0,0,0,1.29,1.79,-10,0,0,0
5.0867477,Head,1.29,1.79,-10,0,0,0,1.29,1.79,-10,0,0,0,1.29,1.79,-10,0,0,0
5.0952685,Head,1.29,1.79,-10,0,0,0,1.29,1.79,-10,0,0,0,1.29,1.79,-10,0,0,0
5.1036624,Head,1.29,1.79,-10,0,0,0,1.29,1.79,-10,0,0,0,1.29,1.79,-10,0,0,0
5.1116379,Head,1.29,1.79,-10,0,0,0,1.29,1.79,-10,0,0,0,1.29,1.79,-10,0,0,0
5.1195597,Head,1.29,1.79,-10,0,0,0,1.29,1.79,-10,0,0,0,1.29,1.79,-10,0,0,0
5.1290451,Head,1.29,1.79,-10,0,0,0,1.29,1.79,-10,0,0,0,1.29,1.79,-10,0,0,0
5.1365081,Head,1.29,1.79,-10,0,0,0,1.29,1.79,-10,0,0,0,1.29,1.79,-10,0,0,0
5.1449596,Head,1.29,1.79,-10,0,0,0,1.29,1.79,-10,0,0,0,1.29,1.79,-10,0,0,0
5.1538643,Head,1.29,1.79,-10,0,0,0,1.29,1.79,-10,0,0,0,1.29,1.79,-10,0,0,0
5.162355,Head,1.29,1.79,-10,0,0,0,1.29,1.79,-10,0,0,0,1.29,1.79,-10,0,0,0
5.1703313,Head,1.29,1.79,-10,0,0,0,1.29,1.79,-10,0,0,0,1.29,1.79,-10,0,0,0
5.1783105,Head,1.29,1.79,-10,0,0,0,1.29,1.79,-10,0,0,0,1.29,1.79,-10,0,0,0
5.1871662,Head,1.29,1.79,-10,0,0,0,1.29,1.79,-10,0,0,0,1.29,1.79,-10,0,0,0
5.1949004,Head,1.29,1.79,-10,0,0,0,1.29,1.79,-10,0,0,0,1.29,1.79,-10,0,0,0
5.2037959,Head,1.29,1.79,-10,0,0,0,1.29,1.79,-10,0,0,0,1.29,1.79,-10,0,0,0
5.211698,Head,1.29,1.79,-10,0,0,0,1.29,1.79,-10,0,0,0,1.29,1.79,-10,0,0,0
5.2206634,Head,1.29,1.79,-10,0,0,0,1.29,1.79,-10,0,0,0,1.29,1.79,-10,0,0,0
5.2281602,Head,1.29,1.79,-10,0,0,0,1.29,1.79,-10,0,0,0,1.29,1.79,-10,0,0,0
5.2380084,Head,1.29,1.79,-10,0,0,0,1.29,1.79,-10,0,0,0,1.29,1.79,-10,0,0,0
5.2449887,Head,1.29,1.79,-10,0,0,0,1.29,1.79,-10,0,0,0,1.29,1.79,-10,0,0,0
5.2545024,Head,1.29,1.79,-10,0,0,0,1.29,1.79,-10,0,0,0,1.29,1.79,-10,0,0,0
5.2618445,Head,1.29,1.79,-10,0,0,0,1.29,1.79,-10,0,0,0,1.29,1.79,-10,0,0,0
5.2698176,Head,1.29,1.79,-10,0,0,0,1.29,1.79,-10,0,0,0,1.29,1.79,-10,0,0,0
5.2795983,Head,1.29,1.79,-10,0,0,0,1.29,1.79,-10,0,0,0,1.29,1.79,-10,0,0,0
5.2875005,Head,1.29,1.79,-10,0,0,0,1.29,1.79,-10,0,0,0,1.29,1.79,-10,0,0,0
5.2951458,Head,1.29,1.79,-10,0,0,0,1.29,1.79,-10,0,0,0,1.29,1.79,-10,0,0,0
5.3031238,Head,1.29,1.79,-10,0,0,0,1.29,1.79,-10,0,0,0,1.29,1.79,-10,0,0,0
5.3116459,Head,1.29,1.79,-10,0,0,0,1.29,1.79,-10,0,0,0,1.29,1.79,-10,0,0,0
5.3210388,Head,1.29,1.79,-10,0,0,0,1.29,1.79,-10,0,0,0,1.29,1.79,-10,0,0,0
5.3289805,Head,1.29,1.79,-10,0,0,0,1.29,1.79,-10,0,0,0,1.29,1.79,-10,0,0,0
5.3424466,Head,1.29,1.79,-10,0,0,0,1.29,1.79,-10,0,0,0,1.29,1.79,-10,0,0,0
